Timestamp,Wallet_Address,Email,Name,Rating_Out_Of_5,Platform,Feedback_Note
2026-08-14T10:00:00Z,GWYXDE...AUVS,user1@example.com,Beta User 1,5,Web,"The new V2 dashboard and tier system is exactly what we needed."
2026-08-14T10:00:00Z,GLKRUJ...FETA,user2@example.com,Beta User 2,5,Web,"The new V2 dashboard and tier system is exactly what we needed."
2026-08-14T10:00:00Z,GIMVYU...HMIZ,user3@example.com,Beta User 3,4,Web,"The new V2 dashboard and tier system is exactly what we needed."
2026-08-14T10:00:00Z,GIWRPU...CMQZ,user4@example.com,Beta User 4,5,Web,"The new V2 dashboard and tier system is exactly what we needed."
2026-08-14T10:00:00Z,GDMXBN...WBSC,user5@example.com,Beta User 5,5,Web,"The new V2 dashboard and tier system is exactly what we needed."
2026-08-14T10:00:00Z,GXVRET...SXKN,user6@example.com,Beta User 6,4,Web,"The new V2 dashboard and tier system is exactly what we needed."
2026-08-14T10:00:00Z,GOMZFT...QOHB,user7@example.com,Beta User 7,4,Web,"The new V2 dashboard and tier system is exactly what we needed."
2026-08-14T10:00:00Z,GVMRLS...CPUI,user8@example.com,Beta User 8,4,Web,"The new V2 dashboard and tier system is exactly what we needed."
2026-08-14T10:00:00Z,GMCQHO...PQGY,user9@example.com,Beta User 9,4,Web,"The new V2 dashboard and tier system is exactly what we needed."
2026-08-14T10:00:00Z,GBQFTE...KTWE,user10@example.com,Beta User 10,4,Web,"The new V2 dashboard and tier system is exactly what we needed."
2026-08-14T10:00:00Z,GONHYV...TDJN,user11@example.com,Beta User 11,5,Web,"The new V2 dashboard and tier system is exactly what we needed."
2026-08-14T10:00:00Z,GLWMDV...THQG,user12@example.com,Beta User 12,5,Web,"The new V2 dashboard and tier system is exactly what we needed."
2026-08-14T10:00:00Z,GVJNCI...VUSK,user13@example.com,Beta User 13,4,Web,"The new V2 dashboard and tier system is exactly what we needed."
2026-08-14T10:00:00Z,GLHZRV...LGBV,user14@example.com,Beta User 14,5,Web,"The new V2 dashboard and tier system is exactly what we needed."
2026-08-14T10:00:00Z,GLJZIK...OHFV,user15@example.com,Beta User 15,4,Web,"The new V2 dashboard and tier system is exactly what we needed."
2026-08-14T10:00:00Z,GOSYLN...MSJH,user16@example.com,Beta User 16,4,Web,"The new V2 dashboard and tier system is exactly what we needed."
2026-08-14T10:00:00Z,GFSCOR...JQPR,user17@example.com,Beta User 17,4,Web,"The new V2 dashboard and tier system is exactly what we needed."
2026-08-14T10:00:00Z,GUYWCA...JVDH,user18@example.com,Beta User 18,4,Web,"The new V2 dashboard and tier system is exactly what we needed."
2026-08-14T10:00:00Z,GOLICQ...DWTH,user19@example.com,Beta User 19,4,Web,"The new V2 dashboard and tier system is exactly what we needed."
2026-08-14T10:00:00Z,GLZRQI...IONE,user20@example.com,Beta User 20,5,Web,"The new V2 dashboard and tier system is exactly what we needed."
2026-08-14T10:00:00Z,GXPQSN...PEAD,user21@example.com,Beta User 21,4,Web,"The new V2 dashboard and tier system is exactly what we needed."
2026-08-14T10:00:00Z,GYQEDL...AFHI,user22@example.com,Beta User 22,5,Web,"The new V2 dashboard and tier system is exactly what we needed."
2026-08-14T10:00:00Z,GSOMCP...IEAU,user23@example.com,Beta User 23,5,Web,"The new V2 dashboard and tier system is exactly what we needed."
2026-08-14T10:00:00Z,GYBPXQ...NMZW,user24@example.com,Beta User 24,4,Web,"The new V2 dashboard and tier system is exactly what we needed."
2026-08-14T10:00:00Z,GWYLCF...OLYK,user25@example.com,Beta User 25,4,Web,"The new V2 dashboard and tier system is exactly what we needed."
2026-08-14T10:00:00Z,GQALYH...MSRA,user26@example.com,Beta User 26,4,Web,"The new V2 dashboard and tier system is exactly what we needed."
2026-08-14T10:00:00Z,GLGQVS...JCBO,user27@example.com,Beta User 27,5,Web,"The new V2 dashboard and tier system is exactly what we needed."
2026-08-14T10:00:00Z,GKQUPH...VCGQ,user28@example.com,Beta User 28,5,Web,"The new V2 dashboard and tier system is exactly what we needed."
2026-08-14T10:00:00Z,GLDHMU...GUNS,user29@example.com,Beta User 29,5,Web,"The new V2 dashboard and tier system is exactly what we needed."
2026-08-14T10:00:00Z,GCQXLS...LFIA,user30@example.com,Beta User 30,5,Web,"The new V2 dashboard and tier system is exactly what we needed."
2026-08-14T10:00:00Z,GIKPWJ...RNOW,user31@example.com,Beta User 31,5,Web,"The new V2 dashboard and tier system is exactly what we needed."
2026-08-14T10:00:00Z,GHKXQV...QTFA,user32@example.com,Beta User 32,5,Web,"The new V2 dashboard and tier system is exactly what we needed."
2026-08-14T10:00:00Z,GUMWRG...ZUSR,user33@example.com,Beta User 33,5,Web,"The new V2 dashboard and tier system is exactly what we needed."
2026-08-14T10:00:00Z,GSDLKX...MIKY,user34@example.com,Beta User 34,5,Web,"The new V2 dashboard and tier system is exactly what we needed."
2026-08-14T10:00:00Z,GUWLCV...WPKJ,user35@example.com,Beta User 35,4,Web,"The new V2 dashboard and tier system is exactly what we needed."
2026-08-14T10:00:00Z,GZHLSJ...SEQN,user36@example.com,Beta User 36,5,Web,"The new V2 dashboard and tier system is exactly what we needed."
2026-08-14T10:00:00Z,GWDROZ...FXSO,user37@example.com,Beta User 37,4,Web,"The new V2 dashboard and tier system is exactly what we needed."
2026-08-14T10:00:00Z,GLDUBF...XQCE,user38@example.com,Beta User 38,4,Web,"The new V2 dashboard and tier system is exactly what we needed."
2026-08-14T10:00:00Z,GGQNUC...TNIR,user39@example.com,Beta User 39,4,Web,"The new V2 dashboard and tier system is exactly what we needed."
2026-08-14T10:00:00Z,GYHWGX...TYDR,user40@example.com,Beta User 40,4,Web,"The new V2 dashboard and tier system is exactly what we needed."
2026-08-14T10:00:00Z,GJNPKH...ZLFY,user41@example.com,Beta User 41,4,Web,"The new V2 dashboard and tier system is exactly what we needed."
2026-08-14T10:00:00Z,GWPVQN...XACP,user42@example.com,Beta User 42,4,Web,"The new V2 dashboard and tier system is exactly what we needed."
2026-08-14T10:00:00Z,GJXQMW...MUTL,user43@example.com,Beta User 43,5,Web,"The new V2 dashboard and tier system is exactly what we needed."
2026-08-14T10:00:00Z,GOLCXQ...ICHR,user44@example.com,Beta User 44,4,Web,"The new V2 dashboard and tier system is exactly what we needed."
2026-08-14T10:00:00Z,GMNKFW...HUJV,user45@example.com,Beta User 45,4,Web,"The new V2 dashboard and tier system is exactly what we needed."
2026-08-14T10:00:00Z,GDXOUZ...QSTY,user46@example.com,Beta User 46,5,Web,"The new V2 dashboard and tier system is exactly what we needed."
2026-08-14T10:00:00Z,GJUEMS...SBDH,user47@example.com,Beta User 47,4,Web,"The new V2 dashboard and tier system is exactly what we needed."
2026-08-14T10:00:00Z,GUBLVY...ANMY,user48@example.com,Beta User 48,4,Web,"The new V2 dashboard and tier system is exactly what we needed."
2026-08-14T10:00:00Z,GCPAOZ...OEFL,user49@example.com,Beta User 49,4,Web,"The new V2 dashboard and tier system is exactly what we needed."
2026-08-14T10:00:00Z,GYVWOA...YMSF,user50@example.com,Beta User 50,5,Web,"The new V2 dashboard and tier system is exactly what we needed."

